iter	MAE
0	6.422010815
100	6.414801479
200	6.40822691
300	6.402178913
400	6.396606117
500	6.391482833
600	6.386779485
700	6.382463768
800	6.378497933
900	6.37482827
999	6.371480078
